git-ftp (0.6.0) stable; urgency=low

  * New upstream version

 -- René Moser <mail@renemoser.net>  Sun, 18 Sep 2011 12:13:31 +0200

git-ftp (0.5.1) stable; urgency=low

  * New upstream version

 -- René Moser <mail@renemoser.net>  Fri, 01 Apr 2011 09:55:54 +0200

git-ftp (0.5.0) stable; urgency=low

  * New upstream version

 -- René Moser <mail@renemoser.net>  Sat, 26 Mar 2011 23:11:38 +0100

git-ftp (0.4.0) stable; urgency=low

  * New upstream version

 -- René Moser <mail@renemoser.net>  Mon, 07 Mar 2011 21:52:03 +0100

git-ftp (0.3.1-1) stable; urgency=low

  * New upstream version

 -- René Moser <mail@renemoser.net>  Sun, 06 Mar 2011 16:41:33 +0100

git-ftp (0.3.0-1) stable; urgency=low

  * New upstream version

 -- René Moser <mail@renemoser.net>  Tue, 08 Feb 2011 21:02:12 +0100

git-ftp (0.2.2-1) stable; urgency=low

  * New upstream version

 -- René Moser <mail@renemoser.net>  Mon, 31 Jan 2011 14:58:59 +0100

git-ftp (0.2.1-1) stable; urgency=low

  * New upstream version

 -- René Moser <mail@renemoser.net>  Tue, 28 Dec 2010 21:33:15 +0100

git-ftp (0.2.0-1) stable; urgency=low

  * New upstream version

 -- René Moser <mail@renemoser.net>  Sun, 19 Dec 2010 15:14:15 +0100

git-ftp (0.1.2-1) stable; urgency=low

  * New upstream version

 -- René Moser <mail@renemoser.net>  Mon, 15 Nov 2010 22:34:15 +0100

git-ftp (0.1.1-1) stable; urgency=low

  * New upstream version

 -- René Moser <mail@renemoser.net>  Tue, 07 Sep 2010 21:37:42 +0200

git-ftp (0.1.0-1) stable; urgency=low

  * New upstream version

 -- René Moser <mail@renemoser.net>  Mon, 12 Jul 2010 21:41:43 +0200

git-ftp (0.0.9-1) stable; urgency=low

  * Initial version

 -- René Moser <mail@renemoser.net>  Tue, 01 Jun 2010 23:41:43 +0200
